{
  "project_info": {
    "project_number": "978455545555",
    "firebase_url": "https://whatsup-app-b5c3e.firebaseio.com",
    "project_id": "whatsup-app-b5c3e",
    "storage_bucket": "whatsup-app-b5c3e.appspot.com"
  },
  "client": [
    {
      "client_info": {
        "mobilesdk_app_id": "1:978455545555:android:171ca2f16015ee90",
        "android_client_info": {
          "package_name": "chatapp.gohool.com.whatsupchatapp"
        }
      },
      "oauth_client": [
        {
          "client_id": "978455545555-pb2bqvk32cfb3d527m692qm1r4r1699v.apps.googleusercontent.com",
          "client_type": 1,
          "android_info": {
            "package_name": "chatapp.gohool.com.whatsupchatapp",
            "certificate_hash": "b32ffed495a7c4b5e4e42298b96ccebc4d33bec0"
          }
        },
        {
          "client_id": "978455545555-drt8u44o2h7nvpnjv5df1u5ejopp9j6i.apps.googleusercontent.com",
          "client_type": 3
        }
      ],
      "api_key": [
        {
          "current_key": "AIzaSyCpzkOQb7UPBawQypKrsQnZTxl4nV2oV_M"
        }
      ],
      "services": {
        "analytics_service": {
          "status": 1
        },
        "appinvite_service": {
          "status": 2,
          "other_platform_oauth_client": [
            {
              "client_id": "978455545555-drt8u44o2h7nvpnjv5df1u5ejopp9j6i.apps.googleusercontent.com",
              "client_type": 3
            }
          ]
        },
        "ads_service": {
          "status": 2
        }
      }
    }
  ],
  "configuration_version": "1"
}