{
  "project_info": {
    "project_number": "101887572727",
    "firebase_url": "https://mykotlinproject-2007e.firebaseio.com",
    "project_id": "mykotlinproject-2007e",
    "storage_bucket": "mykotlinproject-2007e.appspot.com"
  },
  "client": [
    {
      "client_info": {
        "mobilesdk_app_id": "1:101887572727:android:24385dee9fa74197",
        "android_client_info": {
          "package_name": "introkotlinfirebase.gohool.com.introtokotlinfirebase"
        }
      },
      "oauth_client": [
        {
          "client_id": "101887572727-bmh3ol8efrveeo0bj5foqdorvu70aagc.apps.googleusercontent.com",
          "client_type": 1,
          "android_info": {
            "package_name": "introkotlinfirebase.gohool.com.introtokotlinfirebase",
            "certificate_hash": "b32ffed495a7c4b5e4e42298b96ccebc4d33bec0"
          }
        },
        {
          "client_id": "101887572727-83e0qdat3jkfku36fbiskefp1ib2388c.apps.googleusercontent.com",
          "client_type": 3
        }
      ],
      "api_key": [
        {
          "current_key": "AIzaSyA2ZDKklb8vIH8j_4KTMuFEPrAhuBfPkTI"
        }
      ],
      "services": {
        "analytics_service": {
          "status": 1
        },
        "appinvite_service": {
          "status": 2,
          "other_platform_oauth_client": [
            {
              "client_id": "101887572727-83e0qdat3jkfku36fbiskefp1ib2388c.apps.googleusercontent.com",
              "client_type": 3
            }
          ]
        },
        "ads_service": {
          "status": 2
        }
      }
    }
  ],
  "configuration_version": "1"
}